﻿{"data":[{"Properties":{"domain":"CORP.THERESERVE.LOC","name":"DEFAULT DOMAIN CONTROLLERS POLICY@CORP.THERESERVE.LOC","distinguishedname":"CN={6AC1786C-016F-11D2-945F-00C04FB984F9},CN=POLICIES,CN=SYSTEM,DC=CORP,DC=THERESERVE,DC=LOC","domainsid":"S-1-5-21-170228521-1485475711-3199862024","highvalue":false,"description":null,"whencreated":1662584186,"gpcpath":"\\\\CORP.THERESERVE.LOC\\SYSVOL\\CORP.THERESERVE.LOC\\POLICIES\\{6AC1786C-016F-11D2-945F-00C04FB984F9}"},"Aces":[{"PrincipalSID":"S-1-5-21-170228521-1485475711-3199862024-512","PrincipalType":"Group","RightName":"Owns","IsInherited":false},{"PrincipalSID":"S-1-5-21-170228521-1485475711-3199862024-512","PrincipalType":"Group","RightName":"WriteDacl","IsInherited":false},{"PrincipalSID":"S-1-5-21-170228521-1485475711-3199862024-512","PrincipalType":"Group","RightName":"WriteOwner","IsInherited":false},{"PrincipalSID":"S-1-5-21-170228521-1485475711-3199862024-512","PrincipalType":"Group","RightName":"GenericWrite","IsInherited":false},{"PrincipalSID":"S-1-5-21-170228521-1485475711-3199862024-512","PrincipalType":"Group","RightName":"WriteDacl","IsInherited":false},{"PrincipalSID":"S-1-5-21-170228521-1485475711-3199862024-512","PrincipalType":"Group","RightName":"WriteOwner","IsInherited":false},{"PrincipalSID":"S-1-5-21-170228521-1485475711-3199862024-512","PrincipalType":"Group","RightName":"GenericWrite","IsInherited":false},{"PrincipalSID":"S-1-5-21-1255581842-1300659601-3764024703-519","PrincipalType":"Base","RightName":"WriteDacl","IsInherited":false},{"PrincipalSID":"S-1-5-21-1255581842-1300659601-3764024703-519","PrincipalType":"Base","RightName":"WriteOwner","IsInherited":false},{"PrincipalSID":"S-1-5-21-1255581842-1300659601-3764024703-519","PrincipalType":"Base","RightName":"GenericWrite","IsInherited":false}],"ObjectIdentifier":"CDB3A68D-12DA-4D8E-A423-6C11B5B3E0DD","IsDeleted":false,"IsACLProtected":true},{"Properties":{"domain":"CORP.THERESERVE.LOC","name":"DC BACKUPS@CORP.THERESERVE.LOC","distinguishedname":"CN={876D5661-10F4-440E-BB48-CFAA12C3C9DF},CN=POLICIES,CN=SYSTEM,DC=CORP,DC=THERESERVE,DC=LOC","domainsid":"S-1-5-21-170228521-1485475711-3199862024","highvalue":false,"description":null,"whencreated":1676402226,"gpcpath":"\\\\CORP.THERESERVE.LOC\\SYSVOL\\CORP.THERESERVE.LOC\\POLICIES\\{876D5661-10F4-440E-BB48-CFAA12C3C9DF}"},"Aces":[{"PrincipalSID":"S-1-5-21-1255581842-1300659601-3764024703-519","PrincipalType":"Base","RightName":"Owns","IsInherited":false},{"PrincipalSID":"S-1-5-21-170228521-1485475711-3199862024-512","PrincipalType":"Group","RightName":"WriteDacl","IsInherited":false},{"PrincipalSID":"S-1-5-21-170228521-1485475711-3199862024-512","PrincipalType":"Group","RightName":"WriteOwner","IsInherited":false},{"PrincipalSID":"S-1-5-21-170228521-1485475711-3199862024-512","PrincipalType":"Group","RightName":"GenericWrite","IsInherited":false},{"PrincipalSID":"S-1-5-21-170228521-1485475711-3199862024-1113","PrincipalType":"Computer","RightName":"WriteDacl","IsInherited":false},{"PrincipalSID":"S-1-5-21-170228521-1485475711-3199862024-1113","PrincipalType":"Computer","RightName":"WriteOwner","IsInherited":false},{"PrincipalSID":"S-1-5-21-170228521-1485475711-3199862024-1113","PrincipalType":"Computer","RightName":"GenericWrite","IsInherited":false},{"PrincipalSID":"S-1-5-21-170228521-1485475711-3199862024-1114","PrincipalType":"Computer","RightName":"WriteDacl","IsInherited":false},{"PrincipalSID":"S-1-5-21-170228521-1485475711-3199862024-1114","PrincipalType":"Computer","RightName":"WriteOwner","IsInherited":false},{"PrincipalSID":"S-1-5-21-170228521-1485475711-3199862024-1114","PrincipalType":"Computer","RightName":"GenericWrite","IsInherited":false},{"PrincipalSID":"S-1-5-21-1255581842-1300659601-3764024703-519","PrincipalType":"Base","RightName":"WriteDacl","IsInherited":false},{"PrincipalSID":"S-1-5-21-1255581842-1300659601-3764024703-519","PrincipalType":"Base","RightName":"WriteOwner","IsInherited":false},{"PrincipalSID":"S-1-5-21-1255581842-1300659601-3764024703-519","PrincipalType":"Base","RightName":"GenericWrite","IsInherited":false}],"ObjectIdentifier":"FD9D3792-9242-4AB5-8412-F67EC38DA725","IsDeleted":false,"IsACLProtected":true},{"Properties":{"domain":"CORP.THERESERVE.LOC","name":"WORKSTATION ADMINS@CORP.THERESERVE.LOC","distinguishedname":"CN={35F41993-6EB8-47BA-8604-BC87A9C75331},CN=POLICIES,CN=SYSTEM,DC=CORP,DC=THERESERVE,DC=LOC","domainsid":"S-1-5-21-170228521-1485475711-3199862024","highvalue":false,"description":null,"whencreated":1676354715,"gpcpath":"\\\\CORP.THERESERVE.LOC\\SYSVOL\\CORP.THERESERVE.LOC\\POLICIES\\{35F41993-6EB8-47BA-8604-BC87A9C75331}"},"Aces":[{"PrincipalSID":"S-1-5-21-170228521-1485475711-3199862024-512","PrincipalType":"Group","RightName":"Owns","IsInherited":false},{"PrincipalSID":"S-1-5-21-170228521-1485475711-3199862024-512","PrincipalType":"Group","RightName":"WriteDacl","IsInherited":false},{"PrincipalSID":"S-1-5-21-170228521-1485475711-3199862024-512","PrincipalType":"Group","RightName":"WriteOwner","IsInherited":false},{"PrincipalSID":"S-1-5-21-170228521-1485475711-3199862024-512","PrincipalType":"Group","RightName":"GenericWrite","IsInherited":false},{"PrincipalSID":"S-1-5-21-1255581842-1300659601-3764024703-519","PrincipalType":"Base","RightName":"WriteDacl","IsInherited":false},{"PrincipalSID":"S-1-5-21-1255581842-1300659601-3764024703-519","PrincipalType":"Base","RightName":"WriteOwner","IsInherited":false},{"PrincipalSID":"S-1-5-21-1255581842-1300659601-3764024703-519","PrincipalType":"Base","RightName":"GenericWrite","IsInherited":false}],"ObjectIdentifier":"2DB3FFE3-B63A-44CA-8296-6772497AF2BC","IsDeleted":false,"IsACLProtected":true},{"Properties":{"domain":"CORP.THERESERVE.LOC","name":"DEFAULT DOMAIN POLICY@CORP.THERESERVE.LOC","distinguishedname":"CN={31B2F340-016D-11D2-945F-00C04FB984F9},CN=POLICIES,CN=SYSTEM,DC=CORP,DC=THERESERVE,DC=LOC","domainsid":"S-1-5-21-170228521-1485475711-3199862024","highvalue":false,"description":null,"whencreated":1662584186,"gpcpath":"\\\\CORP.THERESERVE.LOC\\SYSVOL\\CORP.THERESERVE.LOC\\POLICIES\\{31B2F340-016D-11D2-945F-00C04FB984F9}"},"Aces":[{"PrincipalSID":"S-1-5-21-170228521-1485475711-3199862024-512","PrincipalType":"Group","RightName":"Owns","IsInherited":false},{"PrincipalSID":"S-1-5-21-170228521-1485475711-3199862024-512","PrincipalType":"Group","RightName":"WriteDacl","IsInherited":false},{"PrincipalSID":"S-1-5-21-170228521-1485475711-3199862024-512","PrincipalType":"Group","RightName":"WriteOwner","IsInherited":false},{"PrincipalSID":"S-1-5-21-170228521-1485475711-3199862024-512","PrincipalType":"Group","RightName":"GenericWrite","IsInherited":false},{"PrincipalSID":"S-1-5-21-170228521-1485475711-3199862024-512","PrincipalType":"Group","RightName":"WriteDacl","IsInherited":false},{"PrincipalSID":"S-1-5-21-170228521-1485475711-3199862024-512","PrincipalType":"Group","RightName":"WriteOwner","IsInherited":false},{"PrincipalSID":"S-1-5-21-170228521-1485475711-3199862024-512","PrincipalType":"Group","RightName":"GenericWrite","IsInherited":false},{"PrincipalSID":"S-1-5-21-1255581842-1300659601-3764024703-519","PrincipalType":"Base","RightName":"WriteDacl","IsInherited":false},{"PrincipalSID":"S-1-5-21-1255581842-1300659601-3764024703-519","PrincipalType":"Base","RightName":"WriteOwner","IsInherited":false},{"PrincipalSID":"S-1-5-21-1255581842-1300659601-3764024703-519","PrincipalType":"Base","RightName":"GenericWrite","IsInherited":false}],"ObjectIdentifier":"B5032053-0B46-4585-8AA8-CE911ABAD217","IsDeleted":false,"IsACLProtected":true},{"Properties":{"domain":"CORP.THERESERVE.LOC","name":"SERVER ADMINS@CORP.THERESERVE.LOC","distinguishedname":"CN={5EB3D802-7E79-4CEE-AF52-B9F9E554DA49},CN=POLICIES,CN=SYSTEM,DC=CORP,DC=THERESERVE,DC=LOC","domainsid":"S-1-5-21-170228521-1485475711-3199862024","highvalue":false,"description":null,"whencreated":1676354649,"gpcpath":"\\\\CORP.THERESERVE.LOC\\SYSVOL\\CORP.THERESERVE.LOC\\POLICIES\\{5EB3D802-7E79-4CEE-AF52-B9F9E554DA49}"},"Aces":[{"PrincipalSID":"S-1-5-21-170228521-1485475711-3199862024-512","PrincipalType":"Group","RightName":"Owns","IsInherited":false},{"PrincipalSID":"S-1-5-21-170228521-1485475711-3199862024-512","PrincipalType":"Group","RightName":"WriteDacl","IsInherited":false},{"PrincipalSID":"S-1-5-21-170228521-1485475711-3199862024-512","PrincipalType":"Group","RightName":"WriteOwner","IsInherited":false},{"PrincipalSID":"S-1-5-21-170228521-1485475711-3199862024-512","PrincipalType":"Group","RightName":"GenericWrite","IsInherited":false},{"PrincipalSID":"S-1-5-21-1255581842-1300659601-3764024703-519","PrincipalType":"Base","RightName":"WriteDacl","IsInherited":false},{"PrincipalSID":"S-1-5-21-1255581842-1300659601-3764024703-519","PrincipalType":"Base","RightName":"WriteOwner","IsInherited":false},{"PrincipalSID":"S-1-5-21-1255581842-1300659601-3764024703-519","PrincipalType":"Base","RightName":"GenericWrite","IsInherited":false}],"ObjectIdentifier":"317E3764-708B-463C-B1F1-105BE8E39955","IsDeleted":false,"IsACLProtected":true},{"Properties":{"domain":"CORP.THERESERVE.LOC","name":"SERVER ACCESS@CORP.THERESERVE.LOC","distinguishedname":"CN={B04D3103-D5CA-4569-8122-B2EDB65BF65C},CN=POLICIES,CN=SYSTEM,DC=CORP,DC=THERESERVE,DC=LOC","domainsid":"S-1-5-21-170228521-1485475711-3199862024","highvalue":false,"description":null,"whencreated":1676354851,"gpcpath":"\\\\CORP.THERESERVE.LOC\\SYSVOL\\CORP.THERESERVE.LOC\\POLICIES\\{B04D3103-D5CA-4569-8122-B2EDB65BF65C}"},"Aces":[{"PrincipalSID":"S-1-5-21-170228521-1485475711-3199862024-512","PrincipalType":"Group","RightName":"Owns","IsInherited":false},{"PrincipalSID":"S-1-5-21-170228521-1485475711-3199862024-512","PrincipalType":"Group","RightName":"WriteDacl","IsInherited":false},{"PrincipalSID":"S-1-5-21-170228521-1485475711-3199862024-512","PrincipalType":"Group","RightName":"WriteOwner","IsInherited":false},{"PrincipalSID":"S-1-5-21-170228521-1485475711-3199862024-512","PrincipalType":"Group","RightName":"GenericWrite","IsInherited":false},{"PrincipalSID":"S-1-5-21-1255581842-1300659601-3764024703-519","PrincipalType":"Base","RightName":"WriteDacl","IsInherited":false},{"PrincipalSID":"S-1-5-21-1255581842-1300659601-3764024703-519","PrincipalType":"Base","RightName":"WriteOwner","IsInherited":false},{"PrincipalSID":"S-1-5-21-1255581842-1300659601-3764024703-519","PrincipalType":"Base","RightName":"GenericWrite","IsInherited":false}],"ObjectIdentifier":"3A38BAD2-60C0-4135-9970-A50F8769FB10","IsDeleted":false,"IsACLProtected":true},{"Properties":{"domain":"CORP.THERESERVE.LOC","name":"WORKSTATION ACCESS@CORP.THERESERVE.LOC","distinguishedname":"CN={85081D15-C8FA-4AC3-82CD-6F1F8B26A107},CN=POLICIES,CN=SYSTEM,DC=CORP,DC=THERESERVE,DC=LOC","domainsid":"S-1-5-21-170228521-1485475711-3199862024","highvalue":false,"description":null,"whencreated":1676354945,"gpcpath":"\\\\CORP.THERESERVE.LOC\\SYSVOL\\CORP.THERESERVE.LOC\\POLICIES\\{85081D15-C8FA-4AC3-82CD-6F1F8B26A107}"},"Aces":[{"PrincipalSID":"S-1-5-21-170228521-1485475711-3199862024-512","PrincipalType":"Group","RightName":"Owns","IsInherited":false},{"PrincipalSID":"S-1-5-21-170228521-1485475711-3199862024-512","PrincipalType":"Group","RightName":"WriteDacl","IsInherited":false},{"PrincipalSID":"S-1-5-21-170228521-1485475711-3199862024-512","PrincipalType":"Group","RightName":"WriteOwner","IsInherited":false},{"PrincipalSID":"S-1-5-21-170228521-1485475711-3199862024-512","PrincipalType":"Group","RightName":"GenericWrite","IsInherited":false},{"PrincipalSID":"S-1-5-21-1255581842-1300659601-3764024703-519","PrincipalType":"Base","RightName":"WriteDacl","IsInherited":false},{"PrincipalSID":"S-1-5-21-1255581842-1300659601-3764024703-519","PrincipalType":"Base","RightName":"WriteOwner","IsInherited":false},{"PrincipalSID":"S-1-5-21-1255581842-1300659601-3764024703-519","PrincipalType":"Base","RightName":"GenericWrite","IsInherited":false}],"ObjectIdentifier":"0A4C945C-58F1-4296-BE72-F6C680CF40A9","IsDeleted":false,"IsACLProtected":true}],"meta":{"methods":29695,"type":"gpos","count":7,"version":5}}