﻿{"data":[{"Properties":{"domain":"CORP.THERESERVE.LOC","name":"CORPDC.CORP.THERESERVE.LOC","distinguishedname":"CN=CORPDC,OU=DOMAIN CONTROLLERS,DC=CORP,DC=THERESERVE,DC=LOC","domainsid":"S-1-5-21-170228521-1485475711-3199862024","highvalue":false,"samaccountname":"CORPDC$","haslaps":false,"description":null,"whencreated":1662584288,"enabled":true,"unconstraineddelegation":true,"trustedtoauth":false,"lastlogon":1745977407,"lastlogontimestamp":1745793701,"pwdlastset":1662584288,"serviceprincipalnames":["ldap/CORPDC.corp.thereserve.loc/DomainDnsZones.corp.thereserve.loc","Dfsr-12F9A27C-BF97-4787-9364-D31B6C55EB04/CORPDC.corp.thereserve.loc","TERMSRV/CORPDC","TERMSRV/CORPDC.corp.thereserve.loc","ldap/CORPDC.corp.thereserve.loc/ForestDnsZones.thereserve.loc","DNS/CORPDC.corp.thereserve.loc","GC/CORPDC.corp.thereserve.loc/thereserve.loc","RestrictedKrbHost/CORPDC.corp.thereserve.loc","RestrictedKrbHost/CORPDC","RPC/9606d4fd-c547-49af-8faa-5156a3f06619._msdcs.thereserve.loc","HOST/CORPDC/CORP","HOST/CORPDC.corp.thereserve.loc/CORP","HOST/CORPDC","HOST/CORPDC.corp.thereserve.loc","HOST/CORPDC.corp.thereserve.loc/corp.thereserve.loc","E3514235-4B06-11D1-AB04-00C04FC2DCD2/9606d4fd-c547-49af-8faa-5156a3f06619/corp.thereserve.loc","ldap/CORPDC/CORP","ldap/9606d4fd-c547-49af-8faa-5156a3f06619._msdcs.thereserve.loc","ldap/CORPDC.corp.thereserve.loc/CORP","ldap/CORPDC","ldap/CORPDC.corp.thereserve.loc","ldap/CORPDC.corp.thereserve.loc/corp.thereserve.loc"],"operatingsystem":"Windows Server 2019 Datacenter","sidhistory":[]},"PrimaryGroupSID":"S-1-5-21-170228521-1485475711-3199862024-516","AllowedToDelegate":[],"AllowedToAct":[],"HasSIDHistory":[],"DumpSMSAPassword":[],"Sessions":{"Results":[],"Collected":false,"FailureReason":null},"PrivilegedSessions":{"Results":[],"Collected":false,"FailureReason":null},"RegistrySessions":{"Results":[],"Collected":false,"FailureReason":null},"LocalAdmins":{"Results":[],"Collected":false,"FailureReason":null},"RemoteDesktopUsers":{"Results":[],"Collected":false,"FailureReason":null},"DcomUsers":{"Results":[],"Collected":false,"FailureReason":null},"PSRemoteUsers":{"Results":[],"Collected":false,"FailureReason":null},"Status":null,"Aces":[{"PrincipalSID":"S-1-5-21-170228521-1485475711-3199862024-512","PrincipalType":"Group","RightName":"Owns","IsInherited":false},{"PrincipalSID":"S-1-5-21-170228521-1485475711-3199862024-512","PrincipalType":"Group","RightName":"GenericAll","IsInherited":false},{"PrincipalSID":"S-1-5-21-170228521-1485475711-3199862024-526","PrincipalType":"Group","RightName":"AddKeyCredentialLink","IsInherited":true},{"PrincipalSID":"S-1-5-21-1255581842-1300659601-3764024703-527","PrincipalType":"Base","RightName":"AddKeyCredentialLink","IsInherited":true},{"PrincipalSID":"S-1-5-21-1255581842-1300659601-3764024703-519","PrincipalType":"Base","RightName":"GenericAll","IsInherited":true},{"PrincipalSID":"CORP.THERESERVE.LOC-S-1-5-32-544","PrincipalType":"Group","RightName":"WriteDacl","IsInherited":true},{"PrincipalSID":"CORP.THERESERVE.LOC-S-1-5-32-544","PrincipalType":"Group","RightName":"WriteOwner","IsInherited":true},{"PrincipalSID":"CORP.THERESERVE.LOC-S-1-5-32-544","PrincipalType":"Group","RightName":"GenericWrite","IsInherited":true}],"ObjectIdentifier":"S-1-5-21-170228521-1485475711-3199862024-1009","IsDeleted":false,"IsACLProtected":false},{"Properties":{"domain":"CORP.THERESERVE.LOC","name":"WRK2.CORP.THERESERVE.LOC","distinguishedname":"CN=WRK2,OU=WORKSTATIONS,DC=CORP,DC=THERESERVE,DC=LOC","domainsid":"S-1-5-21-170228521-1485475711-3199862024","highvalue":false,"samaccountname":"WRK2$","haslaps":false,"description":null,"whencreated":1673327891,"enabled":true,"unconstraineddelegation":false,"trustedtoauth":false,"lastlogon":1745978454,"lastlogontimestamp":1745793972,"pwdlastset":1745794479,"serviceprincipalnames":["WSMAN/WRK2","WSMAN/WRK2.corp.thereserve.loc","TERMSRV/WRK2","TERMSRV/WRK2.corp.thereserve.loc","RestrictedKrbHost/WRK2","HOST/WRK2","RestrictedKrbHost/WRK2.corp.thereserve.loc","HOST/WRK2.corp.thereserve.loc"],"operatingsystem":"Windows Server 2019 Datacenter","sidhistory":[]},"PrimaryGroupSID":"S-1-5-21-170228521-1485475711-3199862024-515","AllowedToDelegate":[],"AllowedToAct":[],"HasSIDHistory":[],"DumpSMSAPassword":[],"Sessions":{"Results":[],"Collected":false,"FailureReason":"ERROR_ACCESS_DENIED"},"PrivilegedSessions":{"Results":[],"Collected":false,"FailureReason":"ERROR_ACCESS_DENIED"},"RegistrySessions":{"Results":[],"Collected":true,"FailureReason":null},"LocalAdmins":{"Results":[],"Collected":false,"FailureReason":"SAMRPCServerInit Failed"},"RemoteDesktopUsers":{"Results":[],"Collected":false,"FailureReason":"SAMRPCServerInit Failed"},"DcomUsers":{"Results":[],"Collected":false,"FailureReason":"SAMRPCServerInit Failed"},"PSRemoteUsers":{"Results":[],"Collected":false,"FailureReason":"SAMRPCServerInit Failed"},"Status":null,"Aces":[{"PrincipalSID":"S-1-5-21-170228521-1485475711-3199862024-512","PrincipalType":"Group","RightName":"Owns","IsInherited":false},{"PrincipalSID":"CORP.THERESERVE.LOC-S-1-5-32-548","PrincipalType":"Group","RightName":"GenericAll","IsInherited":false},{"PrincipalSID":"S-1-5-21-170228521-1485475711-3199862024-512","PrincipalType":"Group","RightName":"GenericAll","IsInherited":false},{"PrincipalSID":"S-1-5-21-170228521-1485475711-3199862024-526","PrincipalType":"Group","RightName":"AddKeyCredentialLink","IsInherited":true},{"PrincipalSID":"S-1-5-21-1255581842-1300659601-3764024703-527","PrincipalType":"Base","RightName":"AddKeyCredentialLink","IsInherited":true},{"PrincipalSID":"S-1-5-21-1255581842-1300659601-3764024703-519","PrincipalType":"Base","RightName":"GenericAll","IsInherited":true},{"PrincipalSID":"CORP.THERESERVE.LOC-S-1-5-32-544","PrincipalType":"Group","RightName":"WriteDacl","IsInherited":true},{"PrincipalSID":"CORP.THERESERVE.LOC-S-1-5-32-544","PrincipalType":"Group","RightName":"WriteOwner","IsInherited":true},{"PrincipalSID":"CORP.THERESERVE.LOC-S-1-5-32-544","PrincipalType":"Group","RightName":"GenericWrite","IsInherited":true}],"ObjectIdentifier":"S-1-5-21-170228521-1485475711-3199862024-1116","IsDeleted":false,"IsACLProtected":false},{"Properties":{"domain":"CORP.THERESERVE.LOC","name":"SERVER1.CORP.THERESERVE.LOC","distinguishedname":"CN=SERVER1,OU=SERVERS,DC=CORP,DC=THERESERVE,DC=LOC","domainsid":"S-1-5-21-170228521-1485475711-3199862024","highvalue":false,"samaccountname":"SERVER1$","haslaps":false,"description":null,"whencreated":1673292538,"enabled":true,"unconstraineddelegation":true,"trustedtoauth":false,"lastlogon":1745978451,"lastlogontimestamp":1745793759,"pwdlastset":1745794479,"serviceprincipalnames":["WSMAN/SERVER1","WSMAN/SERVER1.corp.thereserve.loc","TERMSRV/SERVER1","TERMSRV/SERVER1.corp.thereserve.loc","RestrictedKrbHost/SERVER1","HOST/SERVER1","RestrictedKrbHost/SERVER1.corp.thereserve.loc","HOST/SERVER1.corp.thereserve.loc"],"operatingsystem":"Windows Server 2019 Datacenter","sidhistory":[]},"PrimaryGroupSID":"S-1-5-21-170228521-1485475711-3199862024-515","AllowedToDelegate":[],"AllowedToAct":[],"HasSIDHistory":[],"DumpSMSAPassword":[],"Sessions":{"Results":[],"Collected":false,"FailureReason":"ERROR_ACCESS_DENIED"},"PrivilegedSessions":{"Results":[],"Collected":false,"FailureReason":"ERROR_ACCESS_DENIED"},"RegistrySessions":{"Results":[],"Collected":true,"FailureReason":null},"LocalAdmins":{"Results":[],"Collected":false,"FailureReason":"SAMRPCServerInit Failed"},"RemoteDesktopUsers":{"Results":[],"Collected":false,"FailureReason":"SAMRPCServerInit Failed"},"DcomUsers":{"Results":[],"Collected":false,"FailureReason":"SAMRPCServerInit Failed"},"PSRemoteUsers":{"Results":[],"Collected":false,"FailureReason":"SAMRPCServerInit Failed"},"Status":null,"Aces":[{"PrincipalSID":"S-1-5-21-170228521-1485475711-3199862024-512","PrincipalType":"Group","RightName":"Owns","IsInherited":false},{"PrincipalSID":"CORP.THERESERVE.LOC-S-1-5-32-548","PrincipalType":"Group","RightName":"GenericAll","IsInherited":false},{"PrincipalSID":"S-1-5-21-170228521-1485475711-3199862024-512","PrincipalType":"Group","RightName":"GenericAll","IsInherited":false},{"PrincipalSID":"S-1-5-21-170228521-1485475711-3199862024-526","PrincipalType":"Group","RightName":"AddKeyCredentialLink","IsInherited":true},{"PrincipalSID":"S-1-5-21-1255581842-1300659601-3764024703-527","PrincipalType":"Base","RightName":"AddKeyCredentialLink","IsInherited":true},{"PrincipalSID":"S-1-5-21-1255581842-1300659601-3764024703-519","PrincipalType":"Base","RightName":"GenericAll","IsInherited":true},{"PrincipalSID":"CORP.THERESERVE.LOC-S-1-5-32-544","PrincipalType":"Group","RightName":"WriteDacl","IsInherited":true},{"PrincipalSID":"CORP.THERESERVE.LOC-S-1-5-32-544","PrincipalType":"Group","RightName":"WriteOwner","IsInherited":true},{"PrincipalSID":"CORP.THERESERVE.LOC-S-1-5-32-544","PrincipalType":"Group","RightName":"GenericWrite","IsInherited":true}],"ObjectIdentifier":"S-1-5-21-170228521-1485475711-3199862024-1113","IsDeleted":false,"IsACLProtected":false},{"Properties":{"domain":"CORP.THERESERVE.LOC","name":"WRK1.CORP.THERESERVE.LOC","distinguishedname":"CN=WRK1,OU=WORKSTATIONS,DC=CORP,DC=THERESERVE,DC=LOC","domainsid":"S-1-5-21-170228521-1485475711-3199862024","highvalue":false,"samaccountname":"WRK1$","haslaps":false,"description":null,"whencreated":1673327764,"enabled":true,"unconstraineddelegation":false,"trustedtoauth":false,"lastlogon":1745978457,"lastlogontimestamp":1745794012,"pwdlastset":1745794486,"serviceprincipalnames":["WSMAN/WRK1","WSMAN/WRK1.corp.thereserve.loc","TERMSRV/WRK1","TERMSRV/WRK1.corp.thereserve.loc","RestrictedKrbHost/WRK1","HOST/WRK1","RestrictedKrbHost/WRK1.corp.thereserve.loc","HOST/WRK1.corp.thereserve.loc"],"operatingsystem":"Windows Server 2019 Datacenter","sidhistory":[]},"PrimaryGroupSID":"S-1-5-21-170228521-1485475711-3199862024-515","AllowedToDelegate":[],"AllowedToAct":[],"HasSIDHistory":[],"DumpSMSAPassword":[],"Sessions":{"Results":[],"Collected":true,"FailureReason":null},"PrivilegedSessions":{"Results":[{"UserSID":"S-1-5-21-170228521-1485475711-3199862024-1996","ComputerSID":"S-1-5-21-170228521-1485475711-3199862024-1115"},{"UserSID":"S-1-5-21-170228521-1485475711-3199862024-1997","ComputerSID":"S-1-5-21-170228521-1485475711-3199862024-1115"},{"UserSID":"S-1-5-21-170228521-1485475711-3199862024-1991","ComputerSID":"S-1-5-21-170228521-1485475711-3199862024-1115"},{"UserSID":"S-1-5-21-170228521-1485475711-3199862024-2000","ComputerSID":"S-1-5-21-170228521-1485475711-3199862024-1115"}],"Collected":true,"FailureReason":null},"RegistrySessions":{"Results":[{"UserSID":"S-1-5-21-170228521-1485475711-3199862024-1991","ComputerSID":"S-1-5-21-170228521-1485475711-3199862024-1115"},{"UserSID":"S-1-5-21-170228521-1485475711-3199862024-1996","ComputerSID":"S-1-5-21-170228521-1485475711-3199862024-1115"},{"UserSID":"S-1-5-21-170228521-1485475711-3199862024-1997","ComputerSID":"S-1-5-21-170228521-1485475711-3199862024-1115"},{"UserSID":"S-1-5-21-170228521-1485475711-3199862024-2000","ComputerSID":"S-1-5-21-170228521-1485475711-3199862024-1115"}],"Collected":true,"FailureReason":null},"LocalAdmins":{"Results":[{"ObjectIdentifier":"S-1-5-21-170228521-1485475711-3199862024-512","ObjectType":"Group"},{"ObjectIdentifier":"S-1-5-21-170228521-1485475711-3199862024-1117","ObjectType":"Group"}],"Collected":true,"FailureReason":null},"RemoteDesktopUsers":{"Results":[{"ObjectIdentifier":"S-1-5-21-170228521-1485475711-3199862024-1120","ObjectType":"Group"},{"ObjectIdentifier":"S-1-5-21-170228521-1485475711-3199862024-1117","ObjectType":"Group"}],"Collected":true,"FailureReason":null},"DcomUsers":{"Results":[],"Collected":true,"FailureReason":null},"PSRemoteUsers":{"Results":[],"Collected":true,"FailureReason":null},"Status":null,"Aces":[{"PrincipalSID":"S-1-5-21-170228521-1485475711-3199862024-512","PrincipalType":"Group","RightName":"Owns","IsInherited":false},{"PrincipalSID":"CORP.THERESERVE.LOC-S-1-5-32-548","PrincipalType":"Group","RightName":"GenericAll","IsInherited":false},{"PrincipalSID":"S-1-5-21-170228521-1485475711-3199862024-512","PrincipalType":"Group","RightName":"GenericAll","IsInherited":false},{"PrincipalSID":"S-1-5-21-170228521-1485475711-3199862024-526","PrincipalType":"Group","RightName":"AddKeyCredentialLink","IsInherited":true},{"PrincipalSID":"S-1-5-21-1255581842-1300659601-3764024703-527","PrincipalType":"Base","RightName":"AddKeyCredentialLink","IsInherited":true},{"PrincipalSID":"S-1-5-21-1255581842-1300659601-3764024703-519","PrincipalType":"Base","RightName":"GenericAll","IsInherited":true},{"PrincipalSID":"CORP.THERESERVE.LOC-S-1-5-32-544","PrincipalType":"Group","RightName":"WriteDacl","IsInherited":true},{"PrincipalSID":"CORP.THERESERVE.LOC-S-1-5-32-544","PrincipalType":"Group","RightName":"WriteOwner","IsInherited":true},{"PrincipalSID":"CORP.THERESERVE.LOC-S-1-5-32-544","PrincipalType":"Group","RightName":"GenericWrite","IsInherited":true}],"ObjectIdentifier":"S-1-5-21-170228521-1485475711-3199862024-1115","IsDeleted":false,"IsACLProtected":false},{"Properties":{"domain":"CORP.THERESERVE.LOC","name":"SERVER2.CORP.THERESERVE.LOC","distinguishedname":"CN=SERVER2,OU=SERVERS,DC=CORP,DC=THERESERVE,DC=LOC","domainsid":"S-1-5-21-170228521-1485475711-3199862024","highvalue":false,"samaccountname":"SERVER2$","haslaps":false,"description":null,"whencreated":1673293756,"enabled":true,"unconstraineddelegation":true,"trustedtoauth":false,"lastlogon":1745978454,"lastlogontimestamp":1745793758,"pwdlastset":1745794478,"serviceprincipalnames":["WSMAN/SERVER2","WSMAN/SERVER2.corp.thereserve.loc","TERMSRV/SERVER2","TERMSRV/SERVER2.corp.thereserve.loc","RestrictedKrbHost/SERVER2","HOST/SERVER2","RestrictedKrbHost/SERVER2.corp.thereserve.loc","HOST/SERVER2.corp.thereserve.loc"],"operatingsystem":"Windows Server 2019 Datacenter","sidhistory":[]},"PrimaryGroupSID":"S-1-5-21-170228521-1485475711-3199862024-515","AllowedToDelegate":[],"AllowedToAct":[],"HasSIDHistory":[],"DumpSMSAPassword":[],"Sessions":{"Results":[],"Collected":false,"FailureReason":null},"PrivilegedSessions":{"Results":[],"Collected":false,"FailureReason":null},"RegistrySessions":{"Results":[],"Collected":false,"FailureReason":null},"LocalAdmins":{"Results":[],"Collected":false,"FailureReason":null},"RemoteDesktopUsers":{"Results":[],"Collected":false,"FailureReason":null},"DcomUsers":{"Results":[],"Collected":false,"FailureReason":null},"PSRemoteUsers":{"Results":[],"Collected":false,"FailureReason":null},"Status":null,"Aces":[{"PrincipalSID":"S-1-5-21-170228521-1485475711-3199862024-512","PrincipalType":"Group","RightName":"Owns","IsInherited":false},{"PrincipalSID":"CORP.THERESERVE.LOC-S-1-5-32-548","PrincipalType":"Group","RightName":"GenericAll","IsInherited":false},{"PrincipalSID":"S-1-5-21-170228521-1485475711-3199862024-512","PrincipalType":"Group","RightName":"GenericAll","IsInherited":false},{"PrincipalSID":"S-1-5-21-170228521-1485475711-3199862024-526","PrincipalType":"Group","RightName":"AddKeyCredentialLink","IsInherited":true},{"PrincipalSID":"S-1-5-21-1255581842-1300659601-3764024703-527","PrincipalType":"Base","RightName":"AddKeyCredentialLink","IsInherited":true},{"PrincipalSID":"S-1-5-21-1255581842-1300659601-3764024703-519","PrincipalType":"Base","RightName":"GenericAll","IsInherited":true},{"PrincipalSID":"CORP.THERESERVE.LOC-S-1-5-32-544","PrincipalType":"Group","RightName":"WriteDacl","IsInherited":true},{"PrincipalSID":"CORP.THERESERVE.LOC-S-1-5-32-544","PrincipalType":"Group","RightName":"WriteOwner","IsInherited":true},{"PrincipalSID":"CORP.THERESERVE.LOC-S-1-5-32-544","PrincipalType":"Group","RightName":"GenericWrite","IsInherited":true}],"ObjectIdentifier":"S-1-5-21-170228521-1485475711-3199862024-1114","IsDeleted":false,"IsACLProtected":false}],"meta":{"methods":29695,"type":"computers","count":5,"version":5}}