﻿{"data":[{"Properties":{"domain":"CORP.THERESERVE.LOC","name":"WINSOCKSERVICES@CORP.THERESERVE.LOC","distinguishedname":"CN=WINSOCKSERVICES,CN=SYSTEM,DC=CORP,DC=THERESERVE,DC=LOC","domainsid":"S-1-5-21-170228521-1485475711-3199862024","highvalue":false},"ChildObjects":[],"Aces":[{"PrincipalSID":"S-1-5-21-170228521-1485475711-3199862024-512","PrincipalType":"Group","RightName":"Owns","IsInherited":false},{"PrincipalSID":"S-1-5-21-170228521-1485475711-3199862024-512","PrincipalType":"Group","RightName":"WriteDacl","IsInherited":false},{"PrincipalSID":"S-1-5-21-170228521-1485475711-3199862024-512","PrincipalType":"Group","RightName":"WriteOwner","IsInherited":false},{"PrincipalSID":"S-1-5-21-1255581842-1300659601-3764024703-519","PrincipalType":"Base","RightName":"GenericAll","IsInherited":true},{"PrincipalSID":"CORP.THERESERVE.LOC-S-1-5-32-544","PrincipalType":"Group","RightName":"WriteDacl","IsInherited":true},{"PrincipalSID":"CORP.THERESERVE.LOC-S-1-5-32-544","PrincipalType":"Group","RightName":"WriteOwner","IsInherited":true}],"ObjectIdentifier":"3761D8F6-C136-49DB-A1F0-4F69BCF7BB2F","IsDeleted":false,"IsACLProtected":false},{"Properties":{"domain":"CORP.THERESERVE.LOC","name":"POLICYTEMPLATE@CORP.THERESERVE.LOC","distinguishedname":"CN=POLICYTEMPLATE,CN=WMIPOLICY,CN=SYSTEM,DC=CORP,DC=THERESERVE,DC=LOC","domainsid":"S-1-5-21-170228521-1485475711-3199862024","highvalue":false},"ChildObjects":[],"Aces":[{"PrincipalSID":"S-1-5-21-170228521-1485475711-3199862024-512","PrincipalType":"Group","RightName":"Owns","IsInherited":false},{"PrincipalSID":"S-1-5-21-170228521-1485475711-3199862024-512","PrincipalType":"Group","RightName":"WriteDacl","IsInherited":false},{"PrincipalSID":"S-1-5-21-170228521-1485475711-3199862024-512","PrincipalType":"Group","RightName":"WriteOwner","IsInherited":false},{"PrincipalSID":"S-1-5-21-1255581842-1300659601-3764024703-519","PrincipalType":"Base","RightName":"GenericAll","IsInherited":true},{"PrincipalSID":"S-1-5-21-170228521-1485475711-3199862024-512","PrincipalType":"Group","RightName":"GenericAll","IsInherited":true}],"ObjectIdentifier":"1E015A46-B281-466E-8881-04D6E687321F","IsDeleted":false,"IsACLProtected":false},{"Properties":{"domain":"CORP.THERESERVE.LOC","name":"PROGRAM DATA@CORP.THERESERVE.LOC","distinguishedname":"CN=PROGRAM DATA,DC=CORP,DC=THERESERVE,DC=LOC","domainsid":"S-1-5-21-170228521-1485475711-3199862024","highvalue":false},"ChildObjects":[],"Aces":[{"PrincipalSID":"S-1-5-21-170228521-1485475711-3199862024-512","PrincipalType":"Group","RightName":"Owns","IsInherited":false},{"PrincipalSID":"S-1-5-21-170228521-1485475711-3199862024-512","PrincipalType":"Group","RightName":"GenericAll","IsInherited":false},{"PrincipalSID":"S-1-5-21-1255581842-1300659601-3764024703-519","PrincipalType":"Base","RightName":"GenericAll","IsInherited":true},{"PrincipalSID":"CORP.THERESERVE.LOC-S-1-5-32-544","PrincipalType":"Group","RightName":"WriteDacl","IsInherited":true},{"PrincipalSID":"CORP.THERESERVE.LOC-S-1-5-32-544","PrincipalType":"Group","RightName":"WriteOwner","IsInherited":true}],"ObjectIdentifier":"99D5F7FD-471C-4DB6-8F44-8AEF99859351","IsDeleted":false,"IsACLProtected":false},{"Properties":{"domain":"CORP.THERESERVE.LOC","name":"COMPARTITIONS@CORP.THERESERVE.LOC","distinguishedname":"CN=COMPARTITIONS,CN=SYSTEM,DC=CORP,DC=THERESERVE,DC=LOC","domainsid":"S-1-5-21-170228521-1485475711-3199862024","highvalue":false},"ChildObjects":[],"Aces":[{"PrincipalSID":"S-1-5-21-170228521-1485475711-3199862024-512","PrincipalType":"Group","RightName":"Owns","IsInherited":false},{"PrincipalSID":"S-1-5-21-170228521-1485475711-3199862024-512","PrincipalType":"Group","RightName":"WriteDacl","IsInherited":false},{"PrincipalSID":"S-1-5-21-170228521-1485475711-3199862024-512","PrincipalType":"Group","RightName":"WriteOwner","IsInherited":false},{"PrincipalSID":"S-1-5-21-1255581842-1300659601-3764024703-519","PrincipalType":"Base","RightName":"GenericAll","IsInherited":true},{"PrincipalSID":"CORP.THERESERVE.LOC-S-1-5-32-544","PrincipalType":"Group","RightName":"WriteDacl","IsInherited":true},{"PrincipalSID":"CORP.THERESERVE.LOC-S-1-5-32-544","PrincipalType":"Group","RightName":"WriteOwner","IsInherited":true}],"ObjectIdentifier":"EE94AA51-FA00-4C4C-94C6-9E7BC287F973","IsDeleted":false,"IsACLProtected":false},{"Properties":{"domain":"CORP.THERESERVE.LOC","name":"USERS@CORP.THERESERVE.LOC","distinguishedname":"CN=USERS,DC=CORP,DC=THERESERVE,DC=LOC","domainsid":"S-1-5-21-170228521-1485475711-3199862024","highvalue":false},"ChildObjects":[{"ObjectIdentifier":"S-1-5-21-170228521-1485475711-3199862024-500","ObjectType":"User"},{"ObjectIdentifier":"S-1-5-21-170228521-1485475711-3199862024-571","ObjectType":"Group"},{"ObjectIdentifier":"S-1-5-21-170228521-1485475711-3199862024-517","ObjectType":"Group"},{"ObjectIdentifier":"S-1-5-21-170228521-1485475711-3199862024-522","ObjectType":"Group"},{"ObjectIdentifier":"S-1-5-21-170228521-1485475711-3199862024-572","ObjectType":"Group"},{"ObjectIdentifier":"S-1-5-21-170228521-1485475711-3199862024-1110","ObjectType":"Group"},{"ObjectIdentifier":"S-1-5-21-170228521-1485475711-3199862024-1111","ObjectType":"Group"},{"ObjectIdentifier":"S-1-5-21-170228521-1485475711-3199862024-512","ObjectType":"Group"},{"ObjectIdentifier":"S-1-5-21-170228521-1485475711-3199862024-515","ObjectType":"Group"},{"ObjectIdentifier":"S-1-5-21-170228521-1485475711-3199862024-516","ObjectType":"Group"},{"ObjectIdentifier":"S-1-5-21-170228521-1485475711-3199862024-514","ObjectType":"Group"},{"ObjectIdentifier":"S-1-5-21-170228521-1485475711-3199862024-513","ObjectType":"Group"},{"ObjectIdentifier":"S-1-5-21-170228521-1485475711-3199862024-520","ObjectType":"Group"},{"ObjectIdentifier":"S-1-5-21-170228521-1485475711-3199862024-501","ObjectType":"User"},{"ObjectIdentifier":"S-1-5-21-170228521-1485475711-3199862024-526","ObjectType":"Group"},{"ObjectIdentifier":"S-1-5-21-170228521-1485475711-3199862024-502","ObjectType":"User"},{"ObjectIdentifier":"S-1-5-21-170228521-1485475711-3199862024-525","ObjectType":"Group"},{"ObjectIdentifier":"S-1-5-21-170228521-1485475711-3199862024-553","ObjectType":"Group"},{"ObjectIdentifier":"S-1-5-21-170228521-1485475711-3199862024-521","ObjectType":"Group"},{"ObjectIdentifier":"S-1-5-21-170228521-1485475711-3199862024-2610","ObjectType":"User"},{"ObjectIdentifier":"S-1-5-21-170228521-1485475711-3199862024-1008","ObjectType":"User"}],"Aces":[{"PrincipalSID":"S-1-5-21-170228521-1485475711-3199862024-512","PrincipalType":"Group","RightName":"Owns","IsInherited":false},{"PrincipalSID":"S-1-5-21-170228521-1485475711-3199862024-512","PrincipalType":"Group","RightName":"WriteDacl","IsInherited":false},{"PrincipalSID":"S-1-5-21-170228521-1485475711-3199862024-512","PrincipalType":"Group","RightName":"WriteOwner","IsInherited":false},{"PrincipalSID":"S-1-5-21-1255581842-1300659601-3764024703-519","PrincipalType":"Base","RightName":"GenericAll","IsInherited":true},{"PrincipalSID":"CORP.THERESERVE.LOC-S-1-5-32-544","PrincipalType":"Group","RightName":"WriteDacl","IsInherited":true},{"PrincipalSID":"CORP.THERESERVE.LOC-S-1-5-32-544","PrincipalType":"Group","RightName":"WriteOwner","IsInherited":true}],"ObjectIdentifier":"56CDC04A-8357-4F55-9189-EFEBFA922AD8","IsDeleted":false,"IsACLProtected":false},{"Properties":{"domain":"CORP.THERESERVE.LOC","name":"SYSTEM@CORP.THERESERVE.LOC","distinguishedname":"CN=SYSTEM,DC=CORP,DC=THERESERVE,DC=LOC","domainsid":"S-1-5-21-170228521-1485475711-3199862024","highvalue":false},"ChildObjects":[],"Aces":[{"PrincipalSID":"S-1-5-21-170228521-1485475711-3199862024-512","PrincipalType":"Group","RightName":"Owns","IsInherited":false},{"PrincipalSID":"S-1-5-21-170228521-1485475711-3199862024-512","PrincipalType":"Group","RightName":"WriteDacl","IsInherited":false},{"PrincipalSID":"S-1-5-21-170228521-1485475711-3199862024-512","PrincipalType":"Group","RightName":"WriteOwner","IsInherited":false},{"PrincipalSID":"S-1-5-21-1255581842-1300659601-3764024703-519","PrincipalType":"Base","RightName":"GenericAll","IsInherited":true},{"PrincipalSID":"CORP.THERESERVE.LOC-S-1-5-32-544","PrincipalType":"Group","RightName":"WriteDacl","IsInherited":true},{"PrincipalSID":"CORP.THERESERVE.LOC-S-1-5-32-544","PrincipalType":"Group","RightName":"WriteOwner","IsInherited":true}],"ObjectIdentifier":"BD7BA8F6-787B-477D-864C-1951CC4CEC33","IsDeleted":false,"IsACLProtected":false},{"Properties":{"domain":"CORP.THERESERVE.LOC","name":"WMIGPO@CORP.THERESERVE.LOC","distinguishedname":"CN=WMIGPO,CN=WMIPOLICY,CN=SYSTEM,DC=CORP,DC=THERESERVE,DC=LOC","domainsid":"S-1-5-21-170228521-1485475711-3199862024","highvalue":false},"ChildObjects":[],"Aces":[{"PrincipalSID":"S-1-5-21-170228521-1485475711-3199862024-512","PrincipalType":"Group","RightName":"Owns","IsInherited":false},{"PrincipalSID":"S-1-5-21-170228521-1485475711-3199862024-512","PrincipalType":"Group","RightName":"WriteDacl","IsInherited":false},{"PrincipalSID":"S-1-5-21-170228521-1485475711-3199862024-512","PrincipalType":"Group","RightName":"WriteOwner","IsInherited":false},{"PrincipalSID":"S-1-5-21-1255581842-1300659601-3764024703-519","PrincipalType":"Base","RightName":"GenericAll","IsInherited":true},{"PrincipalSID":"S-1-5-21-170228521-1485475711-3199862024-512","PrincipalType":"Group","RightName":"GenericAll","IsInherited":true}],"ObjectIdentifier":"0E327B3C-A57A-4DCE-93C9-A68A1AEC32EC","IsDeleted":false,"IsACLProtected":false},{"Properties":{"domain":"CORP.THERESERVE.LOC","name":"FOREIGNSECURITYPRINCIPALS@CORP.THERESERVE.LOC","distinguishedname":"CN=FOREIGNSECURITYPRINCIPALS,DC=CORP,DC=THERESERVE,DC=LOC","domainsid":"S-1-5-21-170228521-1485475711-3199862024","highvalue":false},"ChildObjects":[],"Aces":[{"PrincipalSID":"S-1-5-21-170228521-1485475711-3199862024-512","PrincipalType":"Group","RightName":"Owns","IsInherited":false},{"PrincipalSID":"S-1-5-21-170228521-1485475711-3199862024-512","PrincipalType":"Group","RightName":"GenericAll","IsInherited":false},{"PrincipalSID":"S-1-5-21-1255581842-1300659601-3764024703-519","PrincipalType":"Base","RightName":"GenericAll","IsInherited":true},{"PrincipalSID":"CORP.THERESERVE.LOC-S-1-5-32-544","PrincipalType":"Group","RightName":"WriteDacl","IsInherited":true},{"PrincipalSID":"CORP.THERESERVE.LOC-S-1-5-32-544","PrincipalType":"Group","RightName":"WriteOwner","IsInherited":true}],"ObjectIdentifier":"E388401A-A23E-45F9-A936-C8A9D1C97A34","IsDeleted":false,"IsACLProtected":false},{"Properties":{"domain":"CORP.THERESERVE.LOC","name":"COMPARTITIONSETS@CORP.THERESERVE.LOC","distinguishedname":"CN=COMPARTITIONSETS,CN=SYSTEM,DC=CORP,DC=THERESERVE,DC=LOC","domainsid":"S-1-5-21-170228521-1485475711-3199862024","highvalue":false},"ChildObjects":[],"Aces":[{"PrincipalSID":"S-1-5-21-170228521-1485475711-3199862024-512","PrincipalType":"Group","RightName":"Owns","IsInherited":false},{"PrincipalSID":"S-1-5-21-170228521-1485475711-3199862024-512","PrincipalType":"Group","RightName":"WriteDacl","IsInherited":false},{"PrincipalSID":"S-1-5-21-170228521-1485475711-3199862024-512","PrincipalType":"Group","RightName":"WriteOwner","IsInherited":false},{"PrincipalSID":"S-1-5-21-1255581842-1300659601-3764024703-519","PrincipalType":"Base","RightName":"GenericAll","IsInherited":true},{"PrincipalSID":"CORP.THERESERVE.LOC-S-1-5-32-544","PrincipalType":"Group","RightName":"WriteDacl","IsInherited":true},{"PrincipalSID":"CORP.THERESERVE.LOC-S-1-5-32-544","PrincipalType":"Group","RightName":"WriteOwner","IsInherited":true}],"ObjectIdentifier":"3ACBB2CC-AA4B-4D11-9E6C-74DB231EABC3","IsDeleted":false,"IsACLProtected":false},{"Properties":{"domain":"CORP.THERESERVE.LOC","name":"MEETINGS@CORP.THERESERVE.LOC","distinguishedname":"CN=MEETINGS,CN=SYSTEM,DC=CORP,DC=THERESERVE,DC=LOC","domainsid":"S-1-5-21-170228521-1485475711-3199862024","highvalue":false},"ChildObjects":[],"Aces":[{"PrincipalSID":"S-1-5-21-170228521-1485475711-3199862024-512","PrincipalType":"Group","RightName":"Owns","IsInherited":false},{"PrincipalSID":"S-1-5-21-170228521-1485475711-3199862024-512","PrincipalType":"Group","RightName":"WriteDacl","IsInherited":false},{"PrincipalSID":"S-1-5-21-170228521-1485475711-3199862024-512","PrincipalType":"Group","RightName":"WriteOwner","IsInherited":false},{"PrincipalSID":"S-1-5-21-1255581842-1300659601-3764024703-519","PrincipalType":"Base","RightName":"GenericAll","IsInherited":true},{"PrincipalSID":"CORP.THERESERVE.LOC-S-1-5-32-544","PrincipalType":"Group","RightName":"WriteDacl","IsInherited":true},{"PrincipalSID":"CORP.THERESERVE.LOC-S-1-5-32-544","PrincipalType":"Group","RightName":"WriteOwner","IsInherited":true}],"ObjectIdentifier":"DB1B3B70-8656-404C-B237-47CB27AB23F0","IsDeleted":false,"IsACLProtected":false},{"Properties":{"domain":"CORP.THERESERVE.LOC","name":"MICROSOFT@CORP.THERESERVE.LOC","distinguishedname":"CN=MICROSOFT,CN=PROGRAM DATA,DC=CORP,DC=THERESERVE,DC=LOC","domainsid":"S-1-5-21-170228521-1485475711-3199862024","highvalue":false},"ChildObjects":[],"Aces":[{"PrincipalSID":"S-1-5-21-170228521-1485475711-3199862024-512","PrincipalType":"Group","RightName":"Owns","IsInherited":false},{"PrincipalSID":"S-1-5-21-170228521-1485475711-3199862024-512","PrincipalType":"Group","RightName":"GenericAll","IsInherited":false},{"PrincipalSID":"S-1-5-21-1255581842-1300659601-3764024703-519","PrincipalType":"Base","RightName":"GenericAll","IsInherited":true},{"PrincipalSID":"CORP.THERESERVE.LOC-S-1-5-32-544","PrincipalType":"Group","RightName":"WriteDacl","IsInherited":true},{"PrincipalSID":"CORP.THERESERVE.LOC-S-1-5-32-544","PrincipalType":"Group","RightName":"WriteOwner","IsInherited":true}],"ObjectIdentifier":"E44F0D65-1DDD-468B-9B8C-B4D3E24CCA18","IsDeleted":false,"IsACLProtected":false},{"Properties":{"domain":"CORP.THERESERVE.LOC","name":"PSPS@CORP.THERESERVE.LOC","distinguishedname":"CN=PSPS,CN=SYSTEM,DC=CORP,DC=THERESERVE,DC=LOC","domainsid":"S-1-5-21-170228521-1485475711-3199862024","highvalue":false},"ChildObjects":[],"Aces":[{"PrincipalSID":"S-1-5-21-170228521-1485475711-3199862024-512","PrincipalType":"Group","RightName":"Owns","IsInherited":false},{"PrincipalSID":"S-1-5-21-170228521-1485475711-3199862024-512","PrincipalType":"Group","RightName":"GenericAll","IsInherited":false},{"PrincipalSID":"S-1-5-21-1255581842-1300659601-3764024703-519","PrincipalType":"Base","RightName":"GenericAll","IsInherited":true},{"PrincipalSID":"CORP.THERESERVE.LOC-S-1-5-32-544","PrincipalType":"Group","RightName":"WriteDacl","IsInherited":true},{"PrincipalSID":"CORP.THERESERVE.LOC-S-1-5-32-544","PrincipalType":"Group","RightName":"WriteOwner","IsInherited":true}],"ObjectIdentifier":"F465C202-67E4-44A1-8750-128C738B4203","IsDeleted":false,"IsACLProtected":false},{"Properties":{"domain":"CORP.THERESERVE.LOC","name":"POLICYTYPE@CORP.THERESERVE.LOC","distinguishedname":"CN=POLICYTYPE,CN=WMIPOLICY,CN=SYSTEM,DC=CORP,DC=THERESERVE,DC=LOC","domainsid":"S-1-5-21-170228521-1485475711-3199862024","highvalue":false},"ChildObjects":[],"Aces":[{"PrincipalSID":"S-1-5-21-170228521-1485475711-3199862024-512","PrincipalType":"Group","RightName":"Owns","IsInherited":false},{"PrincipalSID":"S-1-5-21-170228521-1485475711-3199862024-512","PrincipalType":"Group","RightName":"WriteDacl","IsInherited":false},{"PrincipalSID":"S-1-5-21-170228521-1485475711-3199862024-512","PrincipalType":"Group","RightName":"WriteOwner","IsInherited":false},{"PrincipalSID":"S-1-5-21-1255581842-1300659601-3764024703-519","PrincipalType":"Base","RightName":"GenericAll","IsInherited":true},{"PrincipalSID":"S-1-5-21-170228521-1485475711-3199862024-512","PrincipalType":"Group","RightName":"GenericAll","IsInherited":true}],"ObjectIdentifier":"739A4CB8-6C1F-443B-8C7A-4A62F7023345","IsDeleted":false,"IsACLProtected":false},{"Properties":{"domain":"CORP.THERESERVE.LOC","name":"SOM@CORP.THERESERVE.LOC","distinguishedname":"CN=SOM,CN=WMIPOLICY,CN=SYSTEM,DC=CORP,DC=THERESERVE,DC=LOC","domainsid":"S-1-5-21-170228521-1485475711-3199862024","highvalue":false},"ChildObjects":[],"Aces":[{"PrincipalSID":"S-1-5-21-170228521-1485475711-3199862024-512","PrincipalType":"Group","RightName":"Owns","IsInherited":false},{"PrincipalSID":"S-1-5-21-170228521-1485475711-3199862024-512","PrincipalType":"Group","RightName":"GenericAll","IsInherited":false},{"PrincipalSID":"S-1-5-21-1255581842-1300659601-3764024703-519","PrincipalType":"Base","RightName":"GenericAll","IsInherited":false}],"ObjectIdentifier":"7DBEDCEE-8804-472C-B72C-46FD21FB3126","IsDeleted":false,"IsACLProtected":true},{"Properties":{"domain":"CORP.THERESERVE.LOC","name":"ADMINSDHOLDER@CORP.THERESERVE.LOC","distinguishedname":"CN=ADMINSDHOLDER,CN=SYSTEM,DC=CORP,DC=THERESERVE,DC=LOC","domainsid":"S-1-5-21-170228521-1485475711-3199862024","highvalue":false},"ChildObjects":[],"Aces":[{"PrincipalSID":"S-1-5-21-170228521-1485475711-3199862024-512","PrincipalType":"Group","RightName":"Owns","IsInherited":false},{"PrincipalSID":"CORP.THERESERVE.LOC-S-1-5-32-544","PrincipalType":"Group","RightName":"WriteDacl","IsInherited":false},{"PrincipalSID":"CORP.THERESERVE.LOC-S-1-5-32-544","PrincipalType":"Group","RightName":"WriteOwner","IsInherited":false},{"PrincipalSID":"S-1-5-21-170228521-1485475711-3199862024-512","PrincipalType":"Group","RightName":"WriteDacl","IsInherited":false},{"PrincipalSID":"S-1-5-21-170228521-1485475711-3199862024-512","PrincipalType":"Group","RightName":"WriteOwner","IsInherited":false},{"PrincipalSID":"S-1-5-21-1255581842-1300659601-3764024703-519","PrincipalType":"Base","RightName":"WriteDacl","IsInherited":false},{"PrincipalSID":"S-1-5-21-1255581842-1300659601-3764024703-519","PrincipalType":"Base","RightName":"WriteOwner","IsInherited":false}],"ObjectIdentifier":"AFCFC1E7-81D3-446E-ADDB-D46B9D69D52F","IsDeleted":false,"IsACLProtected":true},{"Properties":{"domain":"CORP.THERESERVE.LOC","name":"WMIPOLICY@CORP.THERESERVE.LOC","distinguishedname":"CN=WMIPOLICY,CN=SYSTEM,DC=CORP,DC=THERESERVE,DC=LOC","domainsid":"S-1-5-21-170228521-1485475711-3199862024","highvalue":false},"ChildObjects":[],"Aces":[{"PrincipalSID":"S-1-5-21-170228521-1485475711-3199862024-512","PrincipalType":"Group","RightName":"Owns","IsInherited":false},{"PrincipalSID":"S-1-5-21-170228521-1485475711-3199862024-512","PrincipalType":"Group","RightName":"GenericAll","IsInherited":false},{"PrincipalSID":"S-1-5-21-1255581842-1300659601-3764024703-519","PrincipalType":"Base","RightName":"GenericAll","IsInherited":false}],"ObjectIdentifier":"3BFD3747-38A8-4A64-B5F4-33CAD173AE07","IsDeleted":false,"IsACLProtected":true},{"Properties":{"domain":"CORP.THERESERVE.LOC","name":"RAS AND IAS SERVERS ACCESS CHECK@CORP.THERESERVE.LOC","distinguishedname":"CN=RAS AND IAS SERVERS ACCESS CHECK,CN=SYSTEM,DC=CORP,DC=THERESERVE,DC=LOC","domainsid":"S-1-5-21-170228521-1485475711-3199862024","highvalue":false},"ChildObjects":[],"Aces":[{"PrincipalSID":"S-1-5-21-170228521-1485475711-3199862024-512","PrincipalType":"Group","RightName":"Owns","IsInherited":false},{"PrincipalSID":"S-1-5-21-170228521-1485475711-3199862024-553","PrincipalType":"Group","RightName":"WriteDacl","IsInherited":false},{"PrincipalSID":"S-1-5-21-170228521-1485475711-3199862024-553","PrincipalType":"Group","RightName":"WriteOwner","IsInherited":false},{"PrincipalSID":"S-1-5-21-1255581842-1300659601-3764024703-519","PrincipalType":"Base","RightName":"GenericAll","IsInherited":true},{"PrincipalSID":"CORP.THERESERVE.LOC-S-1-5-32-544","PrincipalType":"Group","RightName":"WriteDacl","IsInherited":true},{"PrincipalSID":"CORP.THERESERVE.LOC-S-1-5-32-544","PrincipalType":"Group","RightName":"WriteOwner","IsInherited":true}],"ObjectIdentifier":"BE74510B-F44B-4B88-99A4-4E1D86338026","IsDeleted":false,"IsACLProtected":false},{"Properties":{"domain":"CORP.THERESERVE.LOC","name":"RPCSERVICES@CORP.THERESERVE.LOC","distinguishedname":"CN=RPCSERVICES,CN=SYSTEM,DC=CORP,DC=THERESERVE,DC=LOC","domainsid":"S-1-5-21-170228521-1485475711-3199862024","highvalue":false},"ChildObjects":[],"Aces":[{"PrincipalSID":"S-1-5-21-170228521-1485475711-3199862024-512","PrincipalType":"Group","RightName":"Owns","IsInherited":false},{"PrincipalSID":"S-1-5-21-170228521-1485475711-3199862024-512","PrincipalType":"Group","RightName":"WriteDacl","IsInherited":false},{"PrincipalSID":"S-1-5-21-170228521-1485475711-3199862024-512","PrincipalType":"Group","RightName":"WriteOwner","IsInherited":false},{"PrincipalSID":"S-1-5-21-1255581842-1300659601-3764024703-519","PrincipalType":"Base","RightName":"GenericAll","IsInherited":true},{"PrincipalSID":"CORP.THERESERVE.LOC-S-1-5-32-544","PrincipalType":"Group","RightName":"WriteDacl","IsInherited":true},{"PrincipalSID":"CORP.THERESERVE.LOC-S-1-5-32-544","PrincipalType":"Group","RightName":"WriteOwner","IsInherited":true}],"ObjectIdentifier":"A7A38C23-2A27-4FA7-8F64-B993FD5A5BF2","IsDeleted":false,"IsACLProtected":false},{"Properties":{"domain":"CORP.THERESERVE.LOC","name":"COMPUTERS@CORP.THERESERVE.LOC","distinguishedname":"CN=COMPUTERS,DC=CORP,DC=THERESERVE,DC=LOC","domainsid":"S-1-5-21-170228521-1485475711-3199862024","highvalue":false},"ChildObjects":[],"Aces":[{"PrincipalSID":"S-1-5-21-170228521-1485475711-3199862024-512","PrincipalType":"Group","RightName":"Owns","IsInherited":false},{"PrincipalSID":"S-1-5-21-170228521-1485475711-3199862024-512","PrincipalType":"Group","RightName":"WriteDacl","IsInherited":false},{"PrincipalSID":"S-1-5-21-170228521-1485475711-3199862024-512","PrincipalType":"Group","RightName":"WriteOwner","IsInherited":false},{"PrincipalSID":"S-1-5-21-1255581842-1300659601-3764024703-519","PrincipalType":"Base","RightName":"GenericAll","IsInherited":true},{"PrincipalSID":"CORP.THERESERVE.LOC-S-1-5-32-544","PrincipalType":"Group","RightName":"WriteDacl","IsInherited":true},{"PrincipalSID":"CORP.THERESERVE.LOC-S-1-5-32-544","PrincipalType":"Group","RightName":"WriteOwner","IsInherited":true}],"ObjectIdentifier":"EA4FC217-DA32-4890-B0BE-8ECF106727D2","IsDeleted":false,"IsACLProtected":false},{"Properties":{"domain":"CORP.THERESERVE.LOC","name":"MANAGED SERVICE ACCOUNTS@CORP.THERESERVE.LOC","distinguishedname":"CN=MANAGED SERVICE ACCOUNTS,DC=CORP,DC=THERESERVE,DC=LOC","domainsid":"S-1-5-21-170228521-1485475711-3199862024","highvalue":false},"ChildObjects":[],"Aces":[{"PrincipalSID":"S-1-5-21-170228521-1485475711-3199862024-512","PrincipalType":"Group","RightName":"Owns","IsInherited":false},{"PrincipalSID":"S-1-5-21-170228521-1485475711-3199862024-512","PrincipalType":"Group","RightName":"WriteDacl","IsInherited":false},{"PrincipalSID":"S-1-5-21-170228521-1485475711-3199862024-512","PrincipalType":"Group","RightName":"WriteOwner","IsInherited":false},{"PrincipalSID":"S-1-5-21-1255581842-1300659601-3764024703-519","PrincipalType":"Base","RightName":"GenericAll","IsInherited":true},{"PrincipalSID":"CORP.THERESERVE.LOC-S-1-5-32-544","PrincipalType":"Group","RightName":"WriteDacl","IsInherited":true},{"PrincipalSID":"CORP.THERESERVE.LOC-S-1-5-32-544","PrincipalType":"Group","RightName":"WriteOwner","IsInherited":true}],"ObjectIdentifier":"E8D390F1-2601-42B4-B182-31B9BE2D61D6","IsDeleted":false,"IsACLProtected":false},{"Properties":{"domain":"CORP.THERESERVE.LOC","name":"POLICIES@CORP.THERESERVE.LOC","distinguishedname":"CN=POLICIES,CN=SYSTEM,DC=CORP,DC=THERESERVE,DC=LOC","domainsid":"S-1-5-21-170228521-1485475711-3199862024","highvalue":false},"ChildObjects":[],"Aces":[{"PrincipalSID":"S-1-5-21-170228521-1485475711-3199862024-512","PrincipalType":"Group","RightName":"Owns","IsInherited":false},{"PrincipalSID":"S-1-5-21-170228521-1485475711-3199862024-512","PrincipalType":"Group","RightName":"WriteDacl","IsInherited":false},{"PrincipalSID":"S-1-5-21-170228521-1485475711-3199862024-512","PrincipalType":"Group","RightName":"WriteOwner","IsInherited":false},{"PrincipalSID":"S-1-5-21-1255581842-1300659601-3764024703-519","PrincipalType":"Base","RightName":"GenericAll","IsInherited":true},{"PrincipalSID":"CORP.THERESERVE.LOC-S-1-5-32-544","PrincipalType":"Group","RightName":"WriteDacl","IsInherited":true},{"PrincipalSID":"CORP.THERESERVE.LOC-S-1-5-32-544","PrincipalType":"Group","RightName":"WriteOwner","IsInherited":true}],"ObjectIdentifier":"5C64C4C2-B45C-40CD-806D-E4F65D126627","IsDeleted":false,"IsACLProtected":false}],"meta":{"methods":29695,"type":"containers","count":21,"version":5}}