﻿{"data":[{"GPOChanges":{"LocalAdmins":[],"RemoteDesktopUsers":[],"DcomUsers":[],"PSRemoteUsers":[],"AffectedComputers":[{"ObjectIdentifier":"S-1-5-21-170228521-1485475711-3199862024-1009","ObjectType":"Computer"},{"ObjectIdentifier":"S-1-5-21-170228521-1485475711-3199862024-1113","ObjectType":"Computer"},{"ObjectIdentifier":"S-1-5-21-170228521-1485475711-3199862024-1114","ObjectType":"Computer"},{"ObjectIdentifier":"S-1-5-21-170228521-1485475711-3199862024-1115","ObjectType":"Computer"},{"ObjectIdentifier":"S-1-5-21-170228521-1485475711-3199862024-1116","ObjectType":"Computer"}]},"Properties":{"domain":"CORP.THERESERVE.LOC","name":"CORP.THERESERVE.LOC","distinguishedname":"DC=CORP,DC=THERESERVE,DC=LOC","domainsid":"S-1-5-21-170228521-1485475711-3199862024","highvalue":true,"description":null,"whencreated":1662584186,"functionallevel":"2012 R2"},"ChildObjects":[{"ObjectIdentifier":"F38757A7-DC6B-4D6F-A984-19FEA64F3D4E","ObjectType":"OU"},{"ObjectIdentifier":"EA4FC217-DA32-4890-B0BE-8ECF106727D2","ObjectType":"Container"},{"ObjectIdentifier":"4357538E-A75F-4BB9-8F1B-38FAADF5F693","ObjectType":"OU"},{"ObjectIdentifier":"E388401A-A23E-45F9-A936-C8A9D1C97A34","ObjectType":"Container"},{"ObjectIdentifier":"28671A2A-47AA-4B11-ACA1-5984FF59D767","ObjectType":"OU"},{"ObjectIdentifier":"E8D390F1-2601-42B4-B182-31B9BE2D61D6","ObjectType":"Container"},{"ObjectIdentifier":"784CA8A3-AAAA-4A9B-844C-9EA377427BC7","ObjectType":"OU"},{"ObjectIdentifier":"348A331D-FC1A-4063-A023-F9DAA10365DC","ObjectType":"OU"},{"ObjectIdentifier":"6C9C621B-D056-48B9-BC98-BDD0A32210FF","ObjectType":"OU"},{"ObjectIdentifier":"56CDC04A-8357-4F55-9189-EFEBFA922AD8","ObjectType":"Container"},{"ObjectIdentifier":"EC60FB29-CA1E-4877-ABB8-ECCB82630804","ObjectType":"OU"}],"Trusts":[{"TargetDomainSid":"S-1-5-21-1255581842-1300659601-3764024703","TargetDomainName":"THERESERVE.LOC","IsTransitive":true,"SidFilteringEnabled":false,"TrustDirection":3,"TrustType":0}],"Links":[{"IsEnforced":false,"GUID":"B5032053-0B46-4585-8AA8-CE911ABAD217"}],"Aces":[{"PrincipalSID":"CORP.THERESERVE.LOC-S-1-5-32-544","PrincipalType":"Group","RightName":"Owns","IsInherited":false},{"PrincipalSID":"CORP.THERESERVE.LOC-S-1-5-32-544","PrincipalType":"Group","RightName":"WriteDacl","IsInherited":false},{"PrincipalSID":"CORP.THERESERVE.LOC-S-1-5-32-544","PrincipalType":"Group","RightName":"WriteOwner","IsInherited":false},{"PrincipalSID":"CORP.THERESERVE.LOC-S-1-5-32-544","PrincipalType":"Group","RightName":"AllExtendedRights","IsInherited":false},{"PrincipalSID":"S-1-5-21-170228521-1485475711-3199862024-512","PrincipalType":"Group","RightName":"WriteDacl","IsInherited":false},{"PrincipalSID":"S-1-5-21-170228521-1485475711-3199862024-512","PrincipalType":"Group","RightName":"WriteOwner","IsInherited":false},{"PrincipalSID":"S-1-5-21-170228521-1485475711-3199862024-512","PrincipalType":"Group","RightName":"AllExtendedRights","IsInherited":false},{"PrincipalSID":"S-1-5-21-1255581842-1300659601-3764024703-519","PrincipalType":"Group","RightName":"GenericAll","IsInherited":false},{"PrincipalSID":"THERESERVE.LOC-S-1-5-9","PrincipalType":"Group","RightName":"GetChanges","IsInherited":false},{"PrincipalSID":"THERESERVE.LOC-S-1-5-9","PrincipalType":"Group","RightName":"GetChangesInFilteredSet","IsInherited":false},{"PrincipalSID":"CORP.THERESERVE.LOC-S-1-5-32-544","PrincipalType":"Group","RightName":"GetChangesAll","IsInherited":false},{"PrincipalSID":"CORP.THERESERVE.LOC-S-1-5-32-544","PrincipalType":"Group","RightName":"GetChanges","IsInherited":false},{"PrincipalSID":"CORP.THERESERVE.LOC-S-1-5-32-544","PrincipalType":"Group","RightName":"GetChangesInFilteredSet","IsInherited":false},{"PrincipalSID":"S-1-5-21-170228521-1485475711-3199862024-516","PrincipalType":"Group","RightName":"GetChangesAll","IsInherited":false},{"PrincipalSID":"S-1-5-21-170228521-1485475711-3199862024-1983","PrincipalType":"User","RightName":"GetChangesAll","IsInherited":false},{"PrincipalSID":"S-1-5-21-170228521-1485475711-3199862024-1983","PrincipalType":"User","RightName":"GetChanges","IsInherited":false},{"PrincipalSID":"S-1-5-21-1255581842-1300659601-3764024703-498","PrincipalType":"Group","RightName":"GetChanges","IsInherited":false}],"ObjectIdentifier":"S-1-5-21-170228521-1485475711-3199862024","IsDeleted":false,"IsACLProtected":false}],"meta":{"methods":29695,"type":"domains","count":1,"version":5}}